BearFinalPopulation,WolfFinalPopulation,MooseFinalPopulation,BearBirths,WolfBirths,MooseBirths,BearDeaths,WolfDeaths,MooseDeaths,BearStarvation,WolfStarvation,MooseStarvation,BearPredation,WolfPredation,MoosePredation,BearPlantMeals,BearCarcassCount,MoosePlantMeals,WolfCarcassCount,PacksFormed,PackHuntAttempts,PackHuntSuccess,BearAvgHunger,BearAvgThirst,BearAvgStamina,WolfAvgHunger,WolfAvgThirst,WolfAvgStamina,MooseAvgHunger,MooseAvgThirst,MooseAvgStamina,BearAvgLifespan,WolfAvgLifespan,MooseAvgLifespan,MooseIdleTime,MooseWanderTime,MooseSearchFoodTime,MooseSearchWaterTime,MooseSearchMateTime,MooseEatTime,MooseDrinkTime,MooseMatingTime,MooseFleeingTime,MooseDefendTime,BearIdleTime,BearWanderTime,BearSearchFoodTime,BearSearchWaterTime,BearSearchMateTime,BearEatTime,BearDrinkTime,BearMatingTime,BearHuntingTime,BearFleeingTime,BearDefendTime,BearHibernateTime,WolfIdleTime,WolfWanderTime,WolfSearchFoodTime,WolfSearchWaterTime,WolfSearchMateTime,WolfEatTime,WolfDrinkTime,WolfMatingTime,WolfHuntingTime,WolfFleeingTime,WolfDefendTime,WolfHuntAttempts,WolfHuntFailures,WolfSuccessfulHunts,BearInterference,BearHuntAttempts,BearHuntFailures,BearSuccessfulHunts,MooseSuccessfulEscape,BearPopulationHistory,WolfPopulationHistory,MoosePopulationHistory,run_id,source_file,scenario
0,33,139,0,115,191,0,108,180,0,108,94,0,0,86,0,0,1027,463,12,75,67,0.0,0.0,0.0,57.0,56.0,95.0,59.0,59.0,100.0,0.0,28.58,37.51,10.22,54.03,151.71,43.22,67.74,8.69,6.1,0.02,3.07,0.6,0.0,0.0,0.0,0.0,0.0,0.0,0.0,0.0,0.0,0.0,0.0,0.0,10.19,48.83,102.34,13.31,52.69,6.85,7.64,0.15,28.21,0.0,0.0,77,7,86,0,0,0,0,118,0;0;0;0;0;0;0;0;0;0;0;0;0;0;0;0;0;0;0;0;0;0;0;0;0;0;0;0;0;0;0;0;0;0;0;0;0;0;0;0;0;0;0;0;0;0;0;0;0;0;0;0;0;0;0;0;0;0;0;0;0;0;0;0;0;0;0;0;0;0;0;0;0;0;0;0;0;0;0;0;0;0;0;0;0;0;0;0;0;0;0;0;0;0;0;0;0;0;0;0;0;0;0;0;0;0;0;0;0;0;0;0;0;0;0;0;0;0;0;0;0;0;0;0;0;0;0;0;0;0;0;0;0;0;0;0;0;0;0;0;0;0;0;0;0;0;0;0;0;0;0;0;0;0;0;0;0;0;0;0;0;0;0;0;0;0;0;0;0;0;0;0;0;0;0;0;0;0;0,25;25;25;25;25;25;25;25;25;25;30;30;30;30;30;31;32;32;32;32;34;35;36;37;37;37;37;36;35;35;35;36;35;35;36;36;36;36;36;37;37;37;37;38;39;38;39;39;40;41;41;43;43;43;42;43;44;45;44;46;46;48;47;47;48;48;50;51;51;52;52;53;55;55;55;55;55;56;59;61;61;61;61;59;59;58;59;61;62;62;62;61;58;57;56;59;60;58;60;61;62;62;61;61;60;60;59;60;63;64;65;65;66;67;64;63;63;63;61;60;62;61;61;62;63;65;65;66;65;65;64;64;61;61;60;59;55;54;53;52;52;52;51;47;46;43;43;41;40;38;36;36;37;35;34;31;31;31;30;30;31;31;31;31;33;33;33;33;33;33;33;34;34;34;35;35;35;34;34,125;125;125;125;125;125;125;125;125;125;125;125;125;125;125;124;122;122;121;120;119;119;135;142;144;145;142;140;140;139;138;139;137;137;134;133;133;131;131;133;133;134;133;133;130;130;130;135;137;137;137;137;139;137;137;135;133;131;131;135;135;134;135;135;132;132;132;130;130;128;131;132;132;132;132;132;133;137;135;135;135;135;135;133;133;132;132;131;130;128;128;129;130;132;130;128;129;126;125;122;123;119;120;119;121;120;122;123;120;119;120;120;120;121;122;118;119;119;117;117;118;115;114;115;116;116;118;116;116;115;114;117;117;118;118;117;116;118;117;118;118;119;120;125;124;123;123;125;126;126;126;126;124;125;125;126;127;128;129;129;130;131;130;129;127;126;127;129;131;132;132;133;133;135;135;135;136;136;138,20,NoRun9.csv,No Bears
0,86,104,0,138,175,0,81,206,0,81,65,0,0,141,0,0,1069,788,11,126,111,0.0,0.0,0.0,67.0,61.0,91.0,61.0,63.0,99.0,0.0,28.5,39.61,6.43,56.73,153.52,38.06,83.58,9.17,6.25,0.02,5.25,1.22,0.0,0.0,0.0,0.0,0.0,0.0,0.0,0.0,0.0,0.0,0.0,0.0,8.28,45.12,60.5,14.1,80.53,10.12,7.78,0.05,45.69,0.0,0.0,120,46,141,0,0,0,0,198,0;0;0;0;0;0;0;0;0;0;0;0;0;0;0;0;0;0;0;0;0;0;0;0;0;0;0;0;0;0;0;0;0;0;0;0;0;0;0;0;0;0;0;0;0;0;0;0;0;0;0;0;0;0;0;0;0;0;0;0;0;0;0;0;0;0;0;0;0;0;0;0;0;0;0;0;0;0;0;0;0;0;0;0;0;0;0;0;0;0;0;0;0;0;0;0;0;0;0;0;0;0;0;0;0;0;0;0;0;0;0;0;0;0;0;0;0;0;0;0;0;0;0;0;0;0;0;0;0;0;0;0;0;0;0;0;0;0;0;0;0;0;0;0;0;0;0;0;0;0;0;0;0;0;0;0;0;0;0;0;0;0;0;0;0;0;0;0;0;0;0;0;0;0;0;0;0;0;0,25;25;25;25;25;25;25;25;25;25;30;31;31;31;31;31;31;31;29;29;32;33;34;34;34;34;34;33;33;31;31;33;33;35;36;36;36;36;36;34;34;34;36;36;36;36;36;37;37;37;37;36;36;37;38;37;37;40;40;40;41;42;42;44;44;44;43;45;45;45;46;46;47;48;49;49;50;50;51;50;49;50;51;51;51;50;50;49;48;48;50;51;50;50;50;52;52;53;54;54;55;55;54;54;53;54;55;57;56;57;59;59;61;60;59;61;63;63;62;62;64;64;66;68;69;69;70;72;70;70;71;70;67;67;69;70;71;69;69;69;71;72;72;71;71;70;70;72;73;72;72;71;71;70;71;72;73;73;72;70;71;72;73;73;75;78;78;78;78;78;78;77;75;76;78;83;84;86;85,125;125;125;125;125;125;125;125;125;125;125;125;125;125;124;123;123;123;119;119;119;119;144;150;150;152;152;152;152;152;151;150;149;148;149;149;149;147;147;147;145;143;143;142;138;136;138;143;144;147;149;150;151;150;146;147;146;143;144;144;142;144;142;140;137;135;133;132;134;134;133;132;132;133;132;131;130;129;129;128;127;129;129;130;129;131;129;130;131;130;128;128;128;129;130;129;129;127;127;127;127;125;127;128;126;128;126;125;125;124;127;129;129;129;129;127;126;126;124;126;127;127;127;126;126;126;126;123;123;122;119;118;118;118;117;120;117;117;117;117;118;114;114;114;113;111;112;114;112;111;111;109;107;106;103;103;105;103;103;104;105;106;106;105;105;103;104;104;105;105;105;106;104;106;106;103;103;103;104,18,NoRun7.csv,No Bears
0,46,93,0,119,177,0,100,216,0,100,69,0,0,147,0,0,1027,674,12,131,117,0.0,0.0,0.0,66.0,60.0,92.0,59.0,62.0,99.0,0.0,30.98,38.61,8.02,55.75,147.0,45.52,75.5,8.37,5.49,0.02,4.9,1.11,0.0,0.0,0.0,0.0,0.0,0.0,0.0,0.0,0.0,0.0,0.0,0.0,8.84,45.9,80.19,17.69,77.45,9.67,7.77,0.05,45.17,0.0,0.0,132,32,147,0,0,0,0,190,0;0;0;0;0;0;0;0;0;0;0;0;0;0;0;0;0;0;0;0;0;0;0;0;0;0;0;0;0;0;0;0;0;0;0;0;0;0;0;0;0;0;0;0;0;0;0;0;0;0;0;0;0;0;0;0;0;0;0;0;0;0;0;0;0;0;0;0;0;0;0;0;0;0;0;0;0;0;0;0;0;0;0;0;0;0;0;0;0;0;0;0;0;0;0;0;0;0;0;0;0;0;0;0;0;0;0;0;0;0;0;0;0;0;0;0;0;0;0;0;0;0;0;0;0;0;0;0;0;0;0;0;0;0;0;0;0;0;0;0;0;0;0;0;0;0;0;0;0;0;0;0;0;0;0;0;0;0;0;0;0;0;0;0;0;0;0;0;0;0;0;0;0;0;0;0;0;0;0,25;25;25;25;25;25;25;25;25;25;29;30;30;30;31;31;31;31;31;31;34;34;34;34;34;31;30;30;30;31;31;32;33;34;34;35;35;35;36;35;35;34;32;33;34;34;34;36;36;37;37;38;38;38;39;40;39;41;43;43;43;42;43;43;42;43;44;43;44;46;47;47;47;47;47;48;48;48;48;49;50;50;49;49;50;52;54;53;54;56;57;59;62;62;63;63;64;66;66;66;68;68;64;69;71;72;72;73;74;75;76;78;77;77;75;77;77;77;79;79;80;79;81;82;82;82;82;81;79;78;76;76;72;67;67;62;60;56;55;56;58;57;57;55;54;55;55;55;56;57;59;59;59;59;59;58;58;57;56;54;52;52;52;51;52;52;51;51;49;49;48;49;49;49;49;48;49;48;46,125;125;125;125;125;125;125;125;125;125;125;125;125;125;124;121;117;117;117;117;117;117;136;141;142;141;141;142;140;139;138;139;139;141;141;142;143;143;140;140;139;136;136;136;136;136;135;139;144;146;147;147;146;145;148;150;150;149;150;148;148;149;149;147;147;142;142;143;141;138;137;137;135;137;139;140;138;140;140;140;138;139;140;140;137;139;136;138;131;134;135;133;133;133;132;130;127;128;127;128;127;126;124;122;123;123;125;124;123;121;121;120;118;117;120;121;121;123;122;121;120;119;118;117;117;116;116;118;118;116;115;115;115;115;114;115;115;114;115;116;118;119;116;115;116;115;114;111;111;108;108;108;107;107;106;106;106;106;106;105;104;104;103;101;102;103;102;97;96;97;97;97;97;97;99;99;97;96;93,17,NoRun6.csv,No Bears
0,63,48,0,138,130,0,102,211,0,102,47,0,0,164,0,0,910,803,10,174,153,0.0,0.0,0.0,67.0,62.0,93.0,63.0,64.0,99.0,0.0,30.24,40.08,7.32,60.67,137.56,37.04,91.74,9.05,5.83,0.02,7.44,1.68,0.0,0.0,0.0,0.0,0.0,0.0,0.0,0.0,0.0,0.0,0.0,0.0,11.38,47.95,67.89,13.15,78.99,10.31,7.68,0.04,51.26,0.0,0.0,135,14,164,0,0,0,0,251,0;0;0;0;0;0;0;0;0;0;0;0;0;0;0;0;0;0;0;0;0;0;0;0;0;0;0;0;0;0;0;0;0;0;0;0;0;0;0;0;0;0;0;0;0;0;0;0;0;0;0;0;0;0;0;0;0;0;0;0;0;0;0;0;0;0;0;0;0;0;0;0;0;0;0;0;0;0;0;0;0;0;0;0;0;0;0;0;0;0;0;0;0;0;0;0;0;0;0;0;0;0;0;0;0;0;0;0;0;0;0;0;0;0;0;0;0;0;0;0;0;0;0;0;0;0;0;0;0;0;0;0;0;0;0;0;0;0;0;0;0;0;0;0;0;0;0;0;0;0;0;0;0;0;0;0;0;0;0;0;0;0;0;0;0;0;0;0;0;0;0;0;0;0;0;0;0;0;0,25;25;25;25;25;25;25;25;25;25;29;29;30;30;30;31;31;31;30;30;31;33;33;35;35;35;35;35;36;35;37;38;38;38;38;38;38;38;37;37;38;38;39;40;39;39;41;42;42;42;42;44;45;44;45;45;46;46;45;46;46;48;50;52;53;54;54;54;53;54;54;54;55;59;61;61;61;62;61;62;63;62;64;66;66;67;69;68;66;65;64;62;64;65;67;66;67;68;68;67;67;68;68;71;72;73;75;75;74;74;74;73;72;72;74;75;77;79;79;78;78;78;80;80;79;79;79;79;80;78;78;78;77;81;81;81;81;81;81;78;78;78;78;81;76;75;72;72;72;70;67;63;60;59;57;54;53;52;50;53;56;56;55;55;55;55;55;55;55;56;59;61;63;63;63;63;64;63;63,125;125;125;125;125;125;125;125;125;125;125;125;125;125;125;125;122;122;121;120;120;120;136;143;144;144;145;145;144;143;142;141;141;142;141;139;139;138;138;137;136;133;132;131;132;134;136;137;139;142;143;141;140;139;139;139;139;137;137;133;132;132;131;131;130;130;129;126;128;126;126;126;128;131;132;133;132;132;134;134;131;131;131;130;130;131;128;127;127;126;121;121;122;119;118;117;117;117;119;119;117;115;117;116;114;113;114;112;112;109;106;105;103;103;101;99;97;96;96;94;95;97;97;96;92;91;91;88;88;87;86;85;84;83;81;81;80;80;78;78;75;75;75;75;76;73;74;75;72;73;73;69;67;67;68;67;66;66;66;63;61;60;62;61;60;57;56;56;54;54;53;52;52;51;50;50;50;50;49,16,NoRun5.csv,No Bears
0,64,156,0,131,201,0,98,173,0,98,82,0,0,91,0,0,1019,565,11,87,75,0.0,0.0,0.0,60.0,58.0,94.0,60.0,60.0,100.0,0.0,28.37,37.16,11.54,54.44,142.35,42.2,67.08,8.19,5.59,0.02,3.04,0.63,0.0,0.0,0.0,0.0,0.0,0.0,0.0,0.0,0.0,0.0,0.0,0.0,8.49,47.8,96.6,12.43,61.13,7.75,7.58,0.06,28.26,0.0,0.0,79,31,91,0,0,0,0,148,0;0;0;0;0;0;0;0;0;0;0;0;0;0;0;0;0;0;0;0;0;0;0;0;0;0;0;0;0;0;0;0;0;0;0;0;0;0;0;0;0;0;0;0;0;0;0;0;0;0;0;0;0;0;0;0;0;0;0;0;0;0;0;0;0;0;0;0;0;0;0;0;0;0;0;0;0;0;0;0;0;0;0;0;0;0;0;0;0;0;0;0;0;0;0;0;0;0;0;0;0;0;0;0;0;0;0;0;0;0;0;0;0;0;0;0;0;0;0;0;0;0;0;0;0;0;0;0;0;0;0;0;0;0;0;0;0;0;0;0;0;0;0;0;0;0;0;0;0;0;0;0;0;0;0;0;0;0;0;0;0;0;0;0;0;0;0;0;0;0;0;0;0;0;0;0;0;0;0,25;25;25;25;25;25;25;25;25;25;28;28;28;28;28;28;27;27;28;29;30;32;32;32;32;32;32;32;29;31;31;34;34;35;36;35;35;34;34;33;32;33;35;34;35;36;36;36;36;36;36;38;37;40;40;40;41;41;40;40;40;40;40;41;45;45;47;47;46;46;46;46;46;46;48;48;51;53;53;56;55;55;56;57;58;58;58;57;57;58;59;59;59;60;60;60;59;57;58;56;55;55;55;54;56;56;56;56;54;53;52;53;53;54;56;54;56;57;57;56;58;58;59;60;60;61;62;64;64;65;65;64;65;67;69;71;71;72;73;73;73;73;74;73;72;71;70;71;70;70;70;71;69;68;68;67;66;64;62;63;63;65;65;67;65;62;63;63;62;63;61;60;60;63;64;63;63;64;63,125;125;125;125;125;125;125;125;125;125;125;125;125;125;125;125;124;123;121;119;118;118;135;139;142;144;145;144;140;139;139;138;138;135;132;130;130;130;130;128;125;124;124;124;124;125;124;127;130;130;134;134;134;134;132;130;127;126;126;126;124;124;123;123;122;121;121;121;118;118;122;124;129;129;128;127;127;127;129;127;127;126;125;124;122;122;123;121;120;118;118;119;119;118;119;118;118;122;119;116;116;117;117;117;117;118;120;120;122;124;125;122;122;121;120;118;118;118;117;115;114;115;117;118;118;118;118;118;118;120;120;118;118;119;119;118;120;121;121;122;122;124;127;129;129;130;130;129;130;130;130;133;132;134;137;137;135;136;137;136;136;136;139;140;142;144;146;148;149;151;153;151;150;149;151;152;152;154;154,15,NoRun4.csv,No Bears
0,107,73,0,194,146,0,124,202,0,124,44,0,0,158,0,0,872,856,15,150,120,0.0,0.0,0.0,65.0,62.0,92.0,60.0,63.0,99.0,0.0,25.86,37.55,6.98,54.73,139.96,42.81,73.55,7.86,5.32,0.02,7.24,1.8,0.0,0.0,0.0,0.0,0.0,0.0,0.0,0.0,0.0,0.0,0.0,0.0,10.75,45.15,76.81,12.58,52.56,8.09,6.7,0.09,37.42,0.0,0.0,165,51,158,0,0,0,0,237,0;0;0;0;0;0;0;0;0;0;0;0;0;0;0;0;0;0;0;0;0;0;0;0;0;0;0;0;0;0;0;0;0;0;0;0;0;0;0;0;0;0;0;0;0;0;0;0;0;0;0;0;0;0;0;0;0;0;0;0;0;0;0;0;0;0;0;0;0;0;0;0;0;0;0;0;0;0;0;0;0;0;0;0;0;0;0;0;0;0;0;0;0;0;0;0;0;0;0;0;0;0;0;0;0;0;0;0;0;0;0;0;0;0;0;0;0;0;0;0;0;0;0;0;0;0;0;0;0;0;0;0;0;0;0;0;0;0;0;0;0;0;0;0;0;0;0;0;0;0;0;0;0;0;0;0;0;0;0;0;0;0;0;0;0;0;0;0;0;0;0;0;0;0;0;0;0;0;0,25;25;25;25;25;25;25;25;25;25;28;28;29;29;29;29;28;28;28;28;29;30;31;31;31;33;33;34;35;36;36;38;38;38;38;38;37;37;38;40;39;39;42;42;43;44;43;43;45;45;45;47;48;49;50;51;54;53;52;52;52;54;55;56;53;52;51;49;48;48;49;47;50;51;52;54;55;56;57;56;56;55;55;59;59;61;63;65;66;65;65;66;67;67;68;66;67;69;69;74;74;75;73;73;75;76;77;78;77;78;80;78;77;77;78;78;79;80;80;83;84;86;86;87;89;89;90;90;89;91;94;94;93;93;93;94;93;94;92;91;90;90;90;89;88;88;91;90;92;92;94;95;97;98;98;99;101;101;99;101;99;100;99;99;99;101;101;99;103;105;105;105;105;105;105;106;105;105;105,125;125;125;125;125;125;125;125;125;125;125;125;125;125;124;122;122;119;118;118;118;117;134;140;142;142;141;140;140;139;138;138;139;140;140;139;137;135;133;132;132;132;131;132;131;129;130;136;136;136;139;141;141;141;142;138;137;137;135;134;133;130;125;124;126;126;126;126;125;126;125;124;124;126;127;125;121;119;119;119;118;117;118;118;116;114;114;113;112;112;112;114;114;118;116;116;116;116;117;114;114;112;111;111;109;108;106;106;104;103;101;97;95;95;96;96;96;96;98;98;98;97;98;95;95;94;95;94;94;93;91;91;90;88;85;85;84;83;82;83;83;83;84;83;82;83;82;81;82;81;81;79;76;76;74;76;75;74;73;73;73;72;71;71;72;71;70;68;68;68;70;71;71;71;71;72;72;73;73,14,NoRun3.csv,No Bears
0,73,54,0,168,149,0,125,224,0,125,58,0,0,166,0,0,832,737,18,153,132,0.0,0.0,0.0,64.0,60.0,92.0,61.0,63.0,99.0,0.0,27.72,36.52,7.05,54.83,120.8,43.6,75.4,7.42,4.78,0.05,6.78,1.7,0.0,0.0,0.0,0.0,0.0,0.0,0.0,0.0,0.0,0.0,0.0,0.0,12.41,48.84,69.87,19.23,59.85,7.82,6.97,0.05,39.79,0.0,0.0,190,73,166,0,0,0,0,257,0;0;0;0;0;0;0;0;0;0;0;0;0;0;0;0;0;0;0;0;0;0;0;0;0;0;0;0;0;0;0;0;0;0;0;0;0;0;0;0;0;0;0;0;0;0;0;0;0;0;0;0;0;0;0;0;0;0;0;0;0;0;0;0;0;0;0;0;0;0;0;0;0;0;0;0;0;0;0;0;0;0;0;0;0;0;0;0;0;0;0;0;0;0;0;0;0;0;0;0;0;0;0;0;0;0;0;0;0;0;0;0;0;0;0;0;0;0;0;0;0;0;0;0;0;0;0;0;0;0;0;0;0;0;0;0;0;0;0;0;0;0;0;0;0;0;0;0;0;0;0;0;0;0;0;0;0;0;0;0;0;0;0;0;0;0;0;0;0;0;0;0;0;0;0;0;0;0;0,25;25;25;25;25;25;25;25;25;25;30;30;30;31;31;31;31;31;31;31;33;34;34;34;35;35;34;35;33;33;35;36;36;38;39;39;40;39;39;40;40;40;42;40;40;41;41;41;41;42;42;42;41;43;43;45;46;47;46;45;45;45;46;47;47;48;49;50;50;51;50;51;53;56;56;55;56;55;55;56;56;57;58;58;60;60;62;64;64;64;66;66;67;68;70;70;72;70;71;69;67;66;68;71;70;71;73;74;77;78;78;79;77;76;77;76;77;79;80;80;81;84;84;85;89;88;87;88;88;88;89;90;90;91;92;94;93;93;94;94;93;92;92;93;93;92;93;92;90;91;93;91;91;91;92;91;91;90;88;86;82;81;78;77;74;72;72;73;74;75;75;76;75;77;75;74;75;75;72,125;125;125;125;125;125;125;125;125;125;125;125;125;125;124;123;121;120;119;118;118;118;134;141;144;145;148;150;147;144;144;145;146;144;145;144;144;144;145;142;138;137;135;135;135;134;138;138;137;141;142;144;143;144;142;142;138;137;136;135;132;135;133;128;129;129;126;125;124;123;123;124;123;121;121;122;121;120;121;118;117;115;113;112;112;112;111;112;112;111;111;111;111;111;109;109;107;107;106;105;106;107;107;102;104;103;103;100;98;96;95;93;92;91;91;89;86;88;86;86;85;85;85;83;83;81;80;81;79;79;79;78;77;77;79;80;80;79;78;77;78;79;80;80;80;80;78;79;79;76;76;73;72;70;70;70;70;70;69;68;66;64;63;64;63;61;59;60;58;58;58;56;57;56;54;54;53;52;53,13,NoRun2.csv,No Bears
0,27,121,0,61,159,0,62,164,0,62,64,0,0,100,0,0,1054,312,12,80,57,0.0,0.0,0.0,63.0,60.0,93.0,60.0,62.0,100.0,0.0,29.48,41.72,9.89,54.35,158.69,48.48,90.53,9.59,6.66,0.02,3.59,0.99,0.0,0.0,0.0,0.0,0.0,0.0,0.0,0.0,0.0,0.0,0.0,0.0,12.46,44.23,61.94,18.98,77.62,7.4,8.28,0.06,36.38,0.0,0.0,140,27,100,0,0,0,0,155,0;0;0;0;0;0;0;0;0;0;0;0;0;0;0;0;0;0;0;0;0;0;0;0;0;0;0;0;0;0;0;0;0;0;0;0;0;0;0;0;0;0;0;0;0;0;0;0;0;0;0;0;0;0;0;0;0;0;0;0;0;0;0;0;0;0;0;0;0;0;0;0;0;0;0;0;0;0;0;0;0;0;0;0;0;0;0;0;0;0;0;0;0;0;0;0;0;0;0;0;0;0;0;0;0;0;0;0;0;0;0;0;0;0;0;0;0;0;0;0;0;0;0;0;0;0;0;0;0;0;0;0;0;0;0;0;0;0;0;0;0;0;0;0;0;0;0;0;0;0;0;0;0;0;0;0;0;0;0;0;0;0;0;0;0;0;0;0;0;0;0;0;0;0;0;0;0;0;0,25;25;25;25;25;25;25;25;25;25;28;28;28;28;27;27;26;24;24;25;26;27;28;28;28;28;27;25;26;27;26;26;28;28;28;28;26;25;26;26;26;26;26;26;27;27;28;28;29;29;30;30;31;31;30;30;29;29;29;29;31;30;29;29;30;30;30;28;26;26;27;28;29;29;28;28;27;26;27;26;26;25;25;26;26;27;28;25;25;24;24;24;23;24;23;23;23;23;23;23;23;24;24;24;24;24;24;25;25;26;25;25;26;27;28;28;28;28;29;30;30;30;30;29;29;30;30;30;31;31;29;29;31;32;33;33;34;33;33;32;32;32;30;30;30;30;30;30;31;29;29;29;27;28;28;28;27;29;29;31;30;30;30;30;31;30;30;30;30;30;28;28;28;27;27;27;28;27;27,125;125;125;125;125;125;125;125;125;125;125;125;125;125;124;124;122;121;120;120;119;119;137;144;143;145;144;145;145;145;145;145;143;144;144;142;141;140;139;138;138;138;136;134;132;131;132;132;131;130;130;135;135;136;136;136;137;136;134;130;131;130;127;126;126;126;125;127;126;125;125;127;127;127;127;127;130;131;130;128;125;126;126;125;124;125;126;127;127;126;126;127;125;125;123;124;122;125;125;125;127;127;126;128;130;131;131;131;130;131;132;134;132;128;127;126;128;128;127;127;126;125;123;122;124;125;123;123;123;126;125;122;121;121;120;122;123;123;122;122;122;122;122;119;118;118;119;120;122;122;122;122;120;124;123;123;122;122;121;119;117;118;118;117;116;116;116;118;118;120;118;118;118;119;119;117;118;120;121,12,NoRun10.csv,No Bears
0,42,108,0,90,167,0,74,189,0,74,73,0,0,116,0,0,1096,597,11,122,87,0.0,0.0,0.0,69.0,63.0,92.0,60.0,62.0,99.0,0.0,29.32,43.31,8.89,56.36,165.97,46.12,94.64,9.78,5.86,0.02,4.92,1.23,0.0,0.0,0.0,0.0,0.0,0.0,0.0,0.0,0.0,0.0,0.0,0.0,8.54,48.37,37.52,20.29,93.71,10.62,8.18,0.12,49.48,0.0,0.0,116,30,116,0,0,0,0,175,0;0;0;0;0;0;0;0;0;0;0;0;0;0;0;0;0;0;0;0;0;0;0;0;0;0;0;0;0;0;0;0;0;0;0;0;0;0;0;0;0;0;0;0;0;0;0;0;0;0;0;0;0;0;0;0;0;0;0;0;0;0;0;0;0;0;0;0;0;0;0;0;0;0;0;0;0;0;0;0;0;0;0;0;0;0;0;0;0;0;0;0;0;0;0;0;0;0;0;0;0;0;0;0;0;0;0;0;0;0;0;0;0;0;0;0;0;0;0;0;0;0;0;0;0;0;0;0;0;0;0;0;0;0;0;0;0;0;0;0;0;0;0;0;0;0;0;0;0;0;0;0;0;0;0;0;0;0;0;0;0;0;0;0;0;0;0;0;0;0;0;0;0;0;0;0;0;0;0,25;25;25;25;25;25;25;25;25;25;30;30;30;30;30;28;29;29;29;29;29;30;30;30;32;32;32;32;33;32;33;34;34;34;32;33;33;33;33;32;32;33;33;29;29;30;29;30;29;29;29;30;31;31;31;30;32;32;32;32;32;32;32;34;34;34;34;35;35;35;35;35;35;35;36;37;38;38;39;39;39;39;39;39;41;41;42;42;42;41;42;42;43;44;46;45;46;45;43;45;43;42;43;44;43;44;44;45;45;46;47;48;49;49;49;49;47;47;47;45;43;42;40;40;39;38;38;37;36;36;36;36;37;38;39;39;41;41;42;43;43;43;43;43;43;44;43;45;47;48;48;49;49;47;45;45;44;42;44;46;46;48;49;49;49;49;49;47;47;46;45;42;42;43;42;42;43;43;42,125;125;125;125;125;125;125;125;125;125;125;125;125;125;124;121;120;120;120;119;118;118;133;142;143;146;144;144;145;145;145;145;144;144;146;146;144;142;142;141;142;142;142;141;140;139;137;140;142;142;142;144;142;142;144;144;145;144;143;144;143;143;143;142;141;141;140;140;138;138;139;138;138;138;136;137;137;134;133;134;134;134;135;136;136;133;135;134;133;133;133;132;132;132;132;132;133;136;134;136;136;136;138;139;135;134;135;135;135;134;136;136;136;139;138;136;134;135;136;137;137;137;137;138;136;138;139;138;138;140;140;141;141;141;141;144;143;140;141;142;141;142;141;141;140;137;136;137;137;136;135;134;135;133;132;131;131;127;123;123;124;125;122;121;120;122;122;121;122;120;118;116;116;114;114;114;111;111;110,11,NoRun1.csv,No Bears
0,116,154,0,165,230,0,86,211,0,86,78,0,0,133,0,0,1248,675,14,123,102,0.0,0.0,0.0,67.0,63.0,91.0,59.0,63.0,99.0,0.0,22.66,39.48,9.86,57.36,158.84,41.17,76.39,8.98,5.59,0.03,5.17,1.13,0.0,0.0,0.0,0.0,0.0,0.0,0.0,0.0,0.0,0.0,0.0,0.0,9.96,46.76,36.77,13.42,52.76,7.32,5.86,0.07,39.67,0.0,0.0,119,22,133,0,0,0,0,199,0;0;0;0;0;0;0;0;0;0;0;0;0;0;0;0;0;0;0;0;0;0;0;0;0;0;0;0;0;0;0;0;0;0;0;0;0;0;0;0;0;0;0;0;0;0;0;0;0;0;0;0;0;0;0;0;0;0;0;0;0;0;0;0;0;0;0;0;0;0;0;0;0;0;0;0;0;0;0;0;0;0;0;0;0;0;0;0;0;0;0;0;0;0;0;0;0;0;0;0;0;0;0;0;0;0;0;0;0;0;0;0;0;0;0;0;0;0;0;0;0;0;0;0;0;0;0;0;0;0;0;0;0;0;0;0;0;0;0;0;0;0;0;0;0;0;0;0;0;0;0;0;0;0;0;0;0;0;0;0;0;0;0;0;0;0;0;0;0;0;0;0;0;0;0;0;0;0;0,25;25;25;25;25;25;25;25;25;25;29;29;29;29;29;29;29;29;29;28;30;32;31;31;31;31;31;30;30;30;32;33;32;31;32;32;32;33;31;29;28;29;28;29;29;30;30;31;30;30;29;28;29;28;29;28;28;29;30;32;32;32;32;32;32;30;30;30;31;32;34;33;33;34;34;35;35;35;35;37;36;37;37;37;36;36;37;35;34;37;38;38;39;39;38;38;38;41;41;42;43;44;43;44;43;42;43;42;42;41;41;42;42;45;45;45;45;44;45;45;46;46;48;51;53;54;55;54;54;55;56;55;55;58;59;64;64;64;64;67;65;66;65;67;70;73;76;76;77;75;76;77;77;79;79;83;85;85;87;88;87;89;93;92;93;94;96;97;99;100;100;98;101;101;105;109;109;114;115,125;125;125;125;125;125;125;125;125;125;125;125;125;125;125;125;125;124;124;121;121;121;141;148;153;156;156;158;158;158;158;157;158;158;157;153;150;150;149;149;148;145;144;143;143;144;144;147;149;153;156;157;157;158;156;157;157;157;157;159;159;159;161;158;161;161;161;160;160;160;158;157;155;156;156;156;158;158;157;158;159;162;162;163;165;166;167;168;172;168;170;168;167;166;163;163;162;163;163;159;159;158;157;156;156;156;156;156;156;158;159;161;162;162;160;161;159;159;158;158;157;156;159;156;153;151;151;150;149;150;150;151;150;151;151;151;150;152;150;149;150;150;146;145;143;145;148;148;149;149;149;150;151;150;149;152;152;152;151;147;148;147;146;148;150;151;151;150;150;151;151;151;153;153;153;155;154;154;155,19,NoRun8.csv,No Bears
19,22,88,12,72,154,5,78,194,5,66,39,0,12,155,77,96,977,353,5,63,51,65.0,65.0,67.0,58.0,57.0,92.0,61.0,64.0,99.0,57.09,28.65,37.77,7.69,56.82,133.25,44.14,81.06,8.41,5.37,0.02,6.22,0.73,28.35,49.73,108.73,62.23,169.77,14.77,18.21,0.02,75.42,0.0,0.0,0.0,6.55,47.31,77.67,17.67,63.55,7.49,6.33,0.02,30.98,4.96,1.54,57,8,74,11,373,285,95,252,12;12;12;12;12;12;12;12;12;12;12;12;12;12;12;12;12;10;10;11;11;11;11;11;11;11;11;11;11;11;11;11;11;11;11;12;12;12;12;12;12;12;12;12;12;12;12;12;12;12;12;12;12;12;12;12;12;12;12;12;12;12;12;12;12;12;13;13;13;12;12;13;13;13;13;13;13;13;13;13;13;13;13;13;13;13;14;14;14;14;14;14;14;14;14;14;14;14;14;14;14;15;15;15;15;16;16;16;16;16;16;16;16;16;16;16;16;16;16;16;16;16;16;16;17;17;17;17;17;17;17;17;17;17;17;17;17;17;17;17;18;18;17;17;17;17;17;17;17;16;16;17;17;17;17;17;17;17;17;17;17;18;18;18;18;18;18;18;18;18;18;18;18;18;19;19;19;19;19,25;25;25;25;25;25;25;25;25;25;30;30;30;30;29;27;26;26;26;27;27;27;27;26;27;27;24;25;26;25;25;25;25;25;25;25;24;25;26;28;27;27;24;24;24;23;22;23;22;23;23;23;23;23;23;23;24;24;25;27;29;29;29;28;28;29;28;27;27;28;29;30;30;30;30;31;34;34;33;33;34;35;36;36;35;35;34;36;37;37;37;38;39;40;40;40;40;40;42;42;42;42;42;42;43;44;43;42;43;43;43;43;46;46;46;48;48;48;48;48;48;48;48;47;47;48;49;48;48;47;45;44;43;40;35;35;31;31;30;30;28;27;27;27;26;25;25;24;24;25;26;26;25;25;24;24;23;24;24;24;26;26;26;25;25;25;25;24;25;25;25;26;26;26;25;22;22;22;22,125;125;125;125;125;125;125;125;125;125;125;125;125;125;124;123;117;116;114;114;114;114;131;139;140;138;142;140;140;140;140;139;138;138;139;141;140;140;139;137;137;134;133;132;130;131;130;131;131;132;134;133;135;134;132;133;134;134;136;137;139;134;132;129;130;130;130;130;130;130;128;127;126;125;123;120;121;125;125;124;124;123;123;122;120;120;119;117;116;115;112;113;112;113;111;110;112;110;108;107;107;108;109;109;109;110;108;106;105;105;101;102;104;105;107;107;107;106;105;102;105;105;105;105;101;99;99;98;95;95;95;94;95;93;94;91;93;93;93;94;92;93;92;90;89;91;92;90;92;93;92;92;92;92;92;93;91;90;88;89;89;89;88;89;89;89;89;89;89;89;90;91;89;88;87;89;89;90;87,1,AverageRun1.csv,Average Bears
4,56,75,6,131,134,14,104,188,14,86,32,0,18,156,55,77,818,742,8,103,93,65.0,65.0,62.0,65.0,61.0,93.0,62.0,65.0,99.0,61.57,27.88,35.71,5.69,57.26,116.8,39.26,73.93,7.74,5.1,0.02,7.44,1.15,27.0,48.03,101.5,67.57,190.51,15.13,20.06,0.02,95.31,0.0,0.0,0.0,8.25,51.63,73.22,10.64,59.73,10.25,7.2,0.2,39.88,2.5,1.88,48,6,101,11,326,241,79,291,12;12;12;12;12;12;12;12;12;12;12;12;12;12;12;12;12;12;12;13;13;13;13;13;13;13;13;13;13;13;13;13;13;13;13;13;13;13;13;13;13;13;13;13;13;13;13;13;13;13;13;13;13;13;13;13;13;13;13;13;13;14;14;14;14;14;15;15;15;15;15;15;15;14;14;14;14;14;14;14;14;14;14;14;14;14;15;15;15;15;15;15;15;15;15;15;15;15;14;13;13;12;12;12;12;12;12;12;12;12;12;12;13;13;13;13;13;13;13;13;13;13;13;13;13;13;13;13;13;13;13;13;13;13;13;13;11;11;11;11;11;11;10;10;10;10;10;9;9;8;8;8;8;8;8;8;7;6;6;5;4;4;4;4;4;4;4;4;4;4;4;4;4;4;4;4;4;4;4,25;25;25;25;25;25;25;25;25;25;30;30;30;30;30;30;28;28;28;28;30;32;32;32;33;32;31;30;32;33;33;35;35;33;32;31;31;31;32;33;34;34;34;33;33;33;34;35;37;38;39;40;40;41;40;40;40;41;41;42;43;42;42;40;40;40;44;41;43;44;45;46;47;48;49;49;50;52;54;55;56;55;55;56;56;55;54;53;54;56;57;58;60;61;61;62;64;66;67;68;70;70;70;69;68;67;68;71;74;75;73;74;75;76;77;76;76;77;77;78;76;77;78;78;78;77;77;76;75;74;73;71;70;63;60;59;58;53;51;47;45;46;46;48;48;46;46;46;47;48;47;48;50;54;54;54;55;55;55;55;55;54;55;55;56;54;54;54;55;55;55;55;56;56;54;55;55;56;57,125;125;125;125;125;125;125;125;125;125;125;125;125;125;122;121;118;116;115;114;113;113;129;132;136;137;136;135;135;133;133;133;132;132;131;130;127;124;120;120;118;118;118;117;116;115;116;119;119;116;117;116;118;117;116;117;120;120;119;117;117;114;114;112;111;110;107;106;107;105;105;105;106;103;101;101;97;95;94;93;91;94;94;94;92;93;93;92;90;87;87;86;88;89;89;88;87;84;84;84;85;84;83;84;81;80;80;79;78;78;79;78;78;78;79;80;79;79;77;78;78;79;78;79;79;79;79;77;78;78;78;79;80;80;80;78;78;79;78;77;77;77;76;75;76;77;76;76;76;76;75;75;74;74;75;74;73;72;70;70;71;70;70;69;71;71;73;72;75;74;75;75;75;75;75;75;74;73;75,8,AverageRun7.csv,Average Bears
8,102,46,3,210,122,7,141,203,7,135,35,0,6,168,73,38,753,924,15,133,116,60.0,65.0,55.0,64.0,63.0,93.0,61.0,65.0,99.0,60.71,28.25,34.86,8.01,57.61,114.7,29.79,75.99,7.28,4.18,0.03,8.39,1.32,25.11,37.26,126.23,69.39,175.22,14.86,16.45,0.01,84.03,0.0,0.0,0.0,7.73,52.57,91.2,8.82,64.41,8.25,5.75,0.15,31.7,1.48,0.98,156,43,140,13,277,234,37,340,12;12;12;12;12;12;12;12;12;12;12;12;12;12;12;12;12;12;12;12;12;11;11;11;11;11;11;11;11;11;11;11;11;11;11;10;10;10;10;10;10;10;10;10;10;10;10;10;10;10;10;10;10;10;10;10;10;10;10;10;10;10;10;10;10;10;10;10;10;9;9;8;8;8;8;8;8;8;8;8;8;8;8;8;8;8;8;8;8;8;8;8;8;8;8;8;8;8;8;8;8;8;8;8;8;9;9;9;9;9;9;9;8;8;8;8;8;8;8;8;8;8;8;8;8;8;8;8;8;8;8;8;8;8;8;8;8;9;9;9;9;9;9;9;9;9;9;9;9;9;9;9;10;10;10;10;10;10;10;10;9;9;9;9;9;8;8;8;8;8;8;8;8;8;8;8;8;8;8,25;25;25;25;25;25;25;25;25;25;30;30;30;30;30;30;30;31;31;32;32;33;34;34;36;36;34;33;33;33;34;36;36;37;39;37;38;38;39;39;39;40;41;42;43;44;44;44;42;44;45;46;46;47;48;48;50;49;48;46;46;46;48;50;50;52;54;55;56;58;58;61;62;63;64;65;65;68;70;71;71;72;72;76;78;78;80;84;85;86;86;86;88;91;94;95;96;100;102;103;102;103;105;105;107;106;107;109;109;109;108;109;110;110;113;113;111;107;109;105;103;102;101;102;101;101;104;106;106;107;108;107;107;108;108;110;113;112;113;112;111;113;111;111;108;107;110;113;113;114;113;112;115;115;114;111;111;115;114;115;114;114;114;114;115;113;112;112;110;111;111;110;109;110;110;107;106;104;102,125;125;125;125;125;125;125;125;125;125;125;125;125;125;125;121;117;115;114;114;114;114;129;137;139;138;138;134;131;130;131;130;129;130;130;130;130;129;129;127;125;126;126;124;124;122;120;123;123;122;117;115;114;113;113;114;116;115;115;114;114;111;111;108;105;103;101;101;101;103;102;102;98;97;96;95;94;93;95;98;98;96;94;93;91;89;88;85;85;86;86;86;87;87;86;86;85;86;85;84;84;84;84;85;84;84;80;83;83;82;81;82;83;82;84;84;83;83;82;81;79;77;76;72;71;70;68;67;64;62;64;64;64;63;62;61;61;60;59;58;58;60;60;61;62;62;61;59;57;56;55;53;53;52;50;50;49;50;49;50;49;48;49;47;47;48;48;49;48;46;46;46;46;47;47;47;47;47;45,7,AverageRun6.csv,Average Bears
17,34,30,15,128,110,10,120,207,10,104,27,0,16,180,86,107,672,510,15,104,73,64.0,65.0,68.0,63.0,61.0,91.0,63.0,65.0,98.0,56.27,24.52,33.01,4.88,55.6,103.67,34.9,69.57,6.93,4.74,0.02,9.56,1.48,28.17,48.83,117.84,56.52,163.48,14.52,18.04,0.02,70.1,0.0,0.0,0.0,9.04,50.53,61.04,13.33,48.67,6.86,6.32,0.16,31.18,3.09,1.18,127,41,98,10,402,289,103,316,12;12;12;12;12;12;12;12;12;12;12;12;12;12;12;12;12;12;12;12;13;14;14;14;14;14;14;14;14;14;14;14;14;14;14;14;14;14;14;14;15;16;16;16;16;16;16;16;15;15;15;15;15;15;15;15;15;15;16;16;16;16;16;16;16;16;16;16;17;17;17;17;17;17;17;18;18;18;18;18;18;17;17;17;17;16;16;16;16;16;16;16;16;16;16;16;16;16;16;16;16;15;15;15;15;16;16;17;17;18;18;18;18;18;18;18;18;18;18;18;18;18;18;18;19;19;19;19;18;17;16;15;15;15;15;15;15;15;15;15;15;15;15;15;15;16;16;16;17;17;17;18;18;18;18;18;18;19;19;19;19;19;19;19;19;19;19;19;19;19;19;19;18;18;18;17;17;17;17,25;25;25;25;25;25;25;25;25;25;32;32;32;32;32;32;32;33;34;34;35;36;36;38;38;40;39;39;39;38;39;39;38;36;40;39;38;37;37;36;37;38;38;39;37;36;36;36;37;36;35;37;36;36;37;38;38;37;38;37;38;38;37;36;37;38;37;38;40;41;41;41;42;42;42;43;43;44;44;46;46;50;51;51;51;50;46;45;44;46;47;48;48;47;48;47;47;45;44;43;43;44;48;48;48;48;49;49;49;48;50;50;51;52;52;54;55;55;57;56;56;57;56;58;58;58;59;59;58;58;57;56;55;55;52;52;54;53;51;53;51;51;52;52;52;52;54;53;52;53;54;55;56;56;56;56;56;58;57;54;54;55;53;52;50;49;46;45;44;39;36;35;36;33;33;31;32;33;33,125;125;125;125;125;125;125;125;125;125;125;125;125;124;121;119;118;117;116;116;116;116;126;133;136;136;136;135;133;132;133;133;132;133;129;126;121;121;120;120;118;118;119;118;115;114;115;116;119;119;119;120;121;122;123;124;124;122;122;120;122;120;118;117;117;114;111;111;107;108;106;106;102;102;103;100;97;95;93;90;88;86;85;86;85;86;84;83;82;81;79;78;78;78;78;77;77;76;73;74;73;70;69;68;67;65;61;60;61;62;61;61;61;59;60;61;60;55;55;54;54;54;53;53;54;54;53;53;52;49;50;49;49;49;50;50;50;49;48;47;45;45;45;45;43;44;44;42;41;41;41;41;40;40;40;40;39;39;38;38;38;37;37;36;35;34;33;33;33;32;32;31;31;31;32;31;31;30;30,6,AverageRun5.csv,Average Bears
17,30,86,13,43,173,8,42,219,8,32,56,0,10,163,51,104,986,442,8,81,77,68.0,66.0,67.0,67.0,61.0,94.0,62.0,63.0,99.0,45.01,39.8,36.69,7.3,61.25,129.78,43.43,75.75,8.22,5.75,0.02,4.81,0.46,27.3,50.45,52.58,55.2,136.74,12.53,15.88,0.02,64.93,0.0,0.0,0.0,8.27,51.41,66.18,22.16,153.91,13.35,12.38,0.11,48.76,4.46,3.99,64,2,77,7,307,199,97,218,12;12;12;12;12;12;12;12;12;12;12;12;12;12;12;12;11;11;11;11;11;11;11;11;11;11;11;11;11;11;11;10;10;10;10;10;10;10;10;10;10;10;10;10;10;10;11;11;12;12;12;12;12;12;12;12;12;11;11;11;11;11;11;11;11;11;11;11;11;11;11;11;10;10;10;11;11;11;11;11;11;11;11;11;11;11;11;11;11;11;11;11;11;11;12;12;12;12;12;12;12;12;13;13;13;13;13;13;13;13;13;13;13;13;13;13;12;12;12;11;12;12;12;12;12;12;12;12;12;12;12;12;11;10;11;11;11;11;11;11;11;12;12;12;12;12;12;12;12;12;12;12;12;13;13;13;13;13;13;13;13;13;13;13;14;14;14;15;15;16;16;16;16;16;16;16;16;17;17,25;25;25;25;25;25;25;25;25;25;26;27;27;27;27;26;26;25;25;26;26;26;26;27;27;28;28;28;27;28;28;29;29;29;29;29;28;28;28;29;29;29;29;28;28;28;28;28;28;28;28;28;28;29;28;28;28;28;28;29;29;29;29;29;29;29;30;31;31;31;29;29;29;29;29;29;29;29;31;32;32;32;32;32;32;32;31;32;33;34;35;35;35;35;35;35;35;35;34;34;34;34;34;34;34;34;35;35;35;35;33;32;32;33;33;32;33;33;33;33;33;32;32;33;31;32;32;32;32;33;33;32;32;32;33;34;35;35;35;35;35;35;35;33;33;33;34;34;34;35;34;34;34;34;34;32;31;30;29;29;31;31;31;31;31;31;30;29;29;29;30;31;31;31;31;31;31;30;30,125;125;125;125;125;125;125;125;125;125;125;125;125;125;124;124;121;119;119;119;119;119;139;145;149;149;150;149;147;144;144;146;147;147;146;147;146;146;145;146;144;143;141;140;139;138;139;140;138;139;138;138;135;135;135;137;138;139;139;139;138;136;135;133;127;127;127;127;125;124;125;122;121;122;124;121;124;125;124;124;121;121;124;124;124;122;122;121;122;123;123;124;122;123;123;122;120;120;119;121;121;121;118;118;119;119;120;119;118;115;114;114;114;115;116;113;112;112;111;109;108;108;107;107;109;108;110;109;109;111;111;111;110;109;110;110;111;112;110;110;110;110;109;107;107;104;104;105;104;105;105;103;104;104;103;103;101;97;97;95;94;93;92;93;93;92;90;89;88;87;86;87;88;89;89;90;90;91;89,5,AverageRun4.csv,Average Bears
13,8,55,10,52,113,9,70,184,9,62,34,0,8,150,79,92,764,328,7,72,56,63.0,61.0,73.0,57.0,56.0,92.0,62.0,63.0,99.0,61.41,31.17,35.71,5.09,60.06,115.05,37.47,77.61,7.76,5.3,0.02,7.49,0.92,25.02,48.16,137.25,73.06,191.83,15.73,19.13,0.01,67.68,0.0,0.0,0.0,6.18,47.9,65.34,18.66,81.14,8.87,7.52,0.02,42.44,2.62,1.2,66,23,72,4,262,168,88,242,12;12;12;12;12;12;12;12;12;12;12;12;12;12;12;12;12;12;12;12;12;12;12;12;12;12;12;12;12;12;12;12;12;12;14;14;14;14;14;14;14;14;14;14;14;14;14;14;14;14;13;13;13;13;13;13;13;13;13;13;13;13;14;14;14;14;14;14;14;14;14;13;13;13;13;13;13;13;13;13;13;14;14;14;14;14;14;14;14;14;14;14;14;14;15;15;15;15;15;15;15;15;16;16;16;16;16;16;16;16;16;16;16;16;16;16;17;17;17;17;17;17;17;17;17;17;17;17;17;18;18;18;18;18;17;18;18;18;18;18;17;17;17;17;16;16;16;16;16;16;16;16;16;16;16;16;16;16;16;16;16;16;16;15;15;15;15;15;15;15;15;14;14;15;15;14;14;13;13,25;25;25;25;25;25;25;25;25;25;30;30;30;30;30;30;30;29;29;29;32;32;32;32;33;32;31;31;31;31;32;34;34;33;33;33;33;32;32;31;31;30;30;29;29;29;29;27;27;27;27;27;27;27;27;26;26;27;27;29;29;29;29;29;29;29;29;30;30;30;31;31;30;30;31;31;31;31;33;33;33;31;30;31;31;32;31;31;35;35;34;34;34;32;32;32;33;32;34;36;36;36;36;37;35;35;35;36;36;36;36;36;36;36;35;35;34;34;34;34;34;34;34;34;32;32;32;31;31;32;32;32;32;30;29;28;28;27;26;25;24;22;20;17;14;13;13;13;13;13;12;12;12;12;11;10;10;10;10;8;8;8;8;8;8;8;8;8;8;8;8;8;8;8;8;8;8;8;8,125;125;125;125;125;125;125;125;125;125;125;125;125;125;123;121;118;116;114;114;114;114;128;136;136;137;135;132;130;130;130;128;128;127;127;126;128;127;126;126;125;125;123;121;121;121;121;121;119;121;121;119;119;116;115;114;114;114;115;115;114;110;109;111;109;108;105;104;105;103;103;100;97;97;94;93;91;90;88;90;91;91;91;91;88;86;84;82;83;81;82;79;79;78;79;80;80;79;78;78;77;76;75;73;72;72;70;71;72;71;72;72;73;72;72;72;72;70;69;69;68;66;66;66;66;66;65;65;65;65;64;61;60;59;58;59;59;60;61;60;61;61;61;59;62;62;61;61;60;61;61;61;61;61;61;61;61;63;62;61;62;61;61;63;63;63;60;60;60;60;59;58;59;58;57;57;56;57;56,4,AverageRun3.csv,Average Bears
8,13,99,0,9,164,4,22,194,4,18,71,0,4,123,31,74,974,222,7,53,40,64.0,64.0,62.0,71.0,61.0,93.0,60.0,62.0,99.0,73.19,46.81,39.15,5.46,59.95,143.64,45.78,77.28,7.89,5.61,0.02,4.67,0.43,21.66,36.2,79.04,113.28,259.14,17.84,23.8,0.0,107.01,0.0,0.0,0.0,5.36,48.91,20.58,26.12,199.43,13.27,12.58,0.01,72.82,3.21,8.03,71,22,56,3,234,157,73,218,12;12;12;12;12;12;12;12;12;12;12;12;12;12;12;12;12;12;12;12;12;12;12;12;12;12;12;11;11;11;11;11;11;11;11;11;10;10;10;10;10;10;10;10;10;10;10;10;9;9;8;8;8;8;8;8;8;8;8;8;8;8;8;8;8;8;8;8;8;8;8;8;8;8;8;8;8;8;8;8;8;8;8;8;8;8;8;8;8;8;8;8;8;8;8;8;8;8;8;8;8;8;8;8;8;8;8;8;8;8;8;8;8;8;8;8;8;8;8;8;8;8;8;8;8;8;8;8;8;8;8;8;8;8;8;8;8;8;8;8;8;8;8;8;8;8;8;8;8;8;8;8;8;8;8;8;8;8;8;8;8;8;8;8;8;8;8;8;8;8;8;8;8;8;8;8;8;8;8,25;25;25;25;25;25;25;25;25;25;25;25;25;25;24;23;22;21;20;20;20;21;21;20;20;19;18;18;18;18;18;20;20;20;20;19;19;18;17;16;16;16;17;18;18;18;18;18;18;18;18;18;18;18;18;18;18;18;17;18;18;18;18;18;18;18;18;18;18;18;17;18;18;18;18;18;18;18;17;17;16;15;15;15;15;15;16;16;16;16;16;16;16;16;16;14;14;14;14;13;13;13;13;13;13;13;13;13;13;13;13;13;13;13;13;13;13;13;13;13;13;13;13;13;13;13;13;13;13;13;13;13;13;13;13;13;13;13;13;13;13;13;13;13;13;13;13;13;13;13;13;13;13;13;13;13;13;13;13;13;13;13;13;13;13;13;13;13;13;13;13;13;13;13;13;13;13;13;13,125;125;125;125;125;125;125;125;125;125;125;125;125;125;125;124;121;118;118;118;118;118;131;142;146;147;147;148;146;145;146;145;146;145;145;145;142;139;138;136;136;136;136;135;135;134;135;136;137;141;141;145;145;142;141;144;143;143;142;141;141;138;137;137;137;138;136;134;133;132;134;133;133;133;133;135;136;135;134;133;131;129;130;127;128;126;126;125;124;123;123;123;122;123;119;118;117;114;115;114;115;114;114;114;115;113;115;115;114;115;110;110;110;111;111;110;108;104;103;105;106;103;101;101;101;101;101;100;101;100;99;99;101;101;103;103;104;104;103;101;102;102;103;102;102;101;100;101;101;100;101;102;102;103;101;101;100;100;99;98;97;97;97;101;101;102;104;104;103;102;102;102;102;101;100;100;100;99;100,3,AverageRun2.csv,Average Bears
22,40,85,14,68,182,4,56,227,4,48,52,0,8,175,90,106,1036,380,9,86,63,64.0,65.0,61.0,67.0,62.0,91.0,61.0,63.0,99.0,57.6,25.12,37.6,7.04,59.74,138.22,41.57,70.9,8.32,5.41,0.02,7.71,0.81,26.08,45.94,108.9,64.13,172.04,15.6,18.85,0.01,79.07,0.0,0.0,0.0,5.92,44.47,31.15,16.86,70.81,8.43,6.57,0.23,40.06,2.46,1.1,73,19,90,6,421,317,97,361,12;12;12;12;12;12;12;12;12;12;12;12;12;12;12;12;12;12;12;12;12;12;12;11;11;11;11;11;11;11;11;11;11;11;12;12;12;12;12;12;12;12;12;12;12;11;11;11;11;11;11;11;11;11;11;11;12;12;12;12;12;13;13;13;13;13;13;13;13;13;13;13;13;13;13;13;13;13;13;13;13;13;13;13;13;13;13;13;13;13;14;14;14;15;15;15;15;15;15;16;16;16;16;16;16;16;16;16;16;16;16;16;16;16;16;16;16;17;17;17;17;17;17;17;18;18;18;18;18;18;18;18;18;18;19;20;20;20;20;20;20;21;21;21;21;21;21;21;21;21;22;22;22;22;22;22;22;22;23;23;23;23;23;23;23;23;23;23;23;23;23;23;23;23;22;22;22;22;23,25;25;25;25;25;25;25;25;25;25;29;29;29;29;29;29;29;29;28;28;27;29;29;29;28;27;27;26;25;24;24;24;23;23;24;24;23;23;23;22;23;21;21;21;20;20;20;20;20;20;20;20;20;21;22;22;22;22;21;21;21;21;21;21;22;24;24;24;24;24;23;23;23;23;23;23;24;25;25;24;26;26;27;27;27;26;25;23;23;21;21;22;22;22;23;22;22;21;21;22;22;22;22;22;19;19;20;20;20;20;20;20;20;20;20;20;20;21;23;23;22;21;21;21;21;22;22;22;21;22;23;23;24;24;24;24;24;24;25;26;26;26;27;28;28;28;28;28;28;28;29;30;31;31;32;32;32;32;32;33;34;35;36;37;38;37;37;37;37;38;39;38;38;38;40;40;39;39;39,125;125;125;125;125;125;125;125;125;125;125;125;125;125;125;125;125;125;124;123;119;118;134;142;146;147;146;147;146;145;144;142;142;141;140;134;134;131;131;131;130;129;128;126;126;124;126;127;127;128;131;131;133;133;131;131;134;136;137;140;140;140;139;138;135;133;133;133;131;130;128;129;129;132;132;133;136;136;134;134;133;132;134;135;136;136;134;133;134;133;131;131;131;130;129;130;133;131;129;129;129;130;130;128;128;131;131;132;132;132;132;132;131;130;131;131;130;133;131;131;129;129;129;129;126;125;124;120;120;119;118;117;118;119;119;117;119;117;118;115;112;116;117;116;116;114;114;115;112;111;111;110;112;109;107;104;100;98;97;97;98;97;98;97;96;93;96;93;94;91;91;92;92;92;91;89;88;87;86,2,AverageRun10.csv,Average Bears
22,26,91,19,64,172,10,63,212,10,61,80,0,2,132,53,83,919,452,7,67,59,63.0,60.0,78.0,61.0,59.0,96.0,58.0,60.0,99.0,38.44,35.27,37.48,7.35,58.01,151.33,38.53,63.0,8.05,5.21,0.02,5.29,0.37,20.09,42.79,79.01,49.32,96.09,8.87,11.65,0.02,42.18,0.0,0.0,0.0,8.25,47.83,95.04,14.57,108.35,10.55,9.03,0.08,36.94,0.16,0.66,48,1,60,1,205,118,75,185,12;12;12;12;12;12;12;12;12;12;12;12;12;12;12;12;12;11;12;12;12;12;12;12;12;12;12;12;11;11;11;11;11;12;12;13;13;13;13;13;12;12;12;12;12;12;12;11;11;11;11;11;11;11;11;11;11;11;11;11;10;10;10;10;10;10;10;10;10;11;11;11;10;10;10;11;11;11;11;11;11;11;11;11;11;11;11;11;12;12;12;12;12;12;12;13;13;13;13;13;13;13;13;13;12;12;12;12;12;12;12;11;11;11;11;11;11;11;11;11;11;11;11;11;11;12;12;12;11;11;11;11;11;11;12;12;12;12;12;13;13;13;13;13;13;14;14;14;14;14;14;14;14;15;15;15;15;15;16;16;16;16;16;16;17;17;17;17;18;18;18;18;19;19;20;20;21;21;22,25;25;25;25;25;25;25;25;25;25;27;27;27;27;27;27;26;26;28;28;28;28;28;28;27;27;27;27;27;27;28;29;30;30;30;30;30;31;31;32;33;36;37;38;38;39;39;38;38;36;37;37;39;39;40;39;40;40;40;40;38;39;39;40;40;39;39;41;42;43;44;44;44;44;44;44;43;45;44;45;45;45;45;47;47;47;47;47;47;44;43;43;42;43;42;42;42;42;42;42;42;39;38;37;38;36;36;35;35;36;36;36;36;36;36;37;37;38;38;39;39;39;39;39;39;39;39;40;40;39;38;37;36;33;34;34;34;33;32;32;32;32;32;33;33;33;32;33;33;33;33;33;33;34;34;33;33;33;32;32;32;32;31;31;32;32;32;32;32;31;28;26;26;25;25;26;27;27;26,125;125;125;125;125;125;125;125;125;125;125;125;125;125;125;125;125;124;123;122;122;120;137;142;145;145;145;143;142;141;141;141;141;140;140;137;136;135;134;135;133;131;131;131;130;131;130;133;134;133;136;134;130;131;134;136;134;133;133;132;131;128;125;125;122;125;124;122;119;119;118;119;117;118;117;118;119;118;116;120;119;119;120;118;118;118;118;119;121;120;120;120;118;117;118;119;121;122;124;123;120;118;118;115;117;120;121;124;122;120;118;118;118;119;117;119;119;119;119;118;118;117;119;119;117;118;115;112;111;109;109;110;109;111;112;110;110;110;111;113;110;109;109;110;112;109;109;109;109;105;104;103;102;99;97;98;98;96;95;96;98;97;97;96;98;98;96;97;97;97;98;96;95;95;94;94;94;94;92,9,AverageRun8.csv,Average Bears
6,36,30,1,88,135,7,82,233,7,75,48,0,7,185,34,70,718,526,10,114,90,66.0,65.0,67.0,68.0,62.0,92.0,62.0,63.0,99.0,65.31,30.95,32.92,4.24,53.85,114.49,32.71,66.11,6.86,4.52,0.02,7.5,1.18,16.73,34.57,89.72,61.15,251.02,16.23,20.59,0.01,85.23,0.0,0.0,0.0,8.14,54.63,59.7,16.84,88.26,9.54,8.73,0.04,43.71,0.97,1.25,144,58,123,3,187,114,72,276,12;12;12;12;12;12;12;12;12;12;12;12;12;12;12;11;11;11;11;11;11;11;11;11;11;11;11;10;10;10;10;10;10;11;11;11;11;11;11;11;11;10;10;9;9;9;9;9;9;9;9;9;9;9;9;9;9;9;9;9;9;9;9;9;9;9;9;9;9;9;9;9;9;9;9;9;9;9;9;9;9;9;9;8;8;8;8;8;8;8;8;8;8;8;8;8;8;8;8;8;8;8;8;8;8;8;8;8;8;8;8;8;8;8;8;8;8;8;8;8;8;8;8;8;8;8;8;8;8;8;8;8;8;8;8;8;8;7;7;7;7;7;6;6;6;6;6;6;6;6;6;6;6;6;6;6;6;6;6;6;6;6;6;6;6;6;6;6;6;6;6;6;6;6;6;6;6;6;6,25;25;25;25;25;25;25;25;25;25;30;30;30;30;30;28;27;27;27;26;26;27;27;26;26;26;26;28;28;26;26;27;27;27;27;26;26;27;28;28;28;28;28;29;27;26;25;26;27;28;28;28;28;27;28;28;28;28;28;29;29;28;28;27;27;28;27;28;28;28;28;29;30;30;30;30;30;30;31;31;32;33;34;35;35;35;35;35;35;35;36;37;37;38;40;40;40;41;41;41;42;43;43;44;47;48;49;48;47;45;44;45;45;45;46;46;46;48;48;48;49;49;49;49;50;49;49;49;49;50;52;53;53;53;54;55;54;54;56;58;58;61;62;62;62;62;62;62;63;62;63;64;64;63;62;61;59;61;59;58;58;59;57;55;52;50;51;52;51;51;50;51;51;50;49;48;45;44;43,125;125;125;125;125;125;125;125;125;125;125;125;125;125;125;123;118;116;116;116;114;114;131;138;141;144;139;138;137;137;137;136;137;138;140;142;141;142;143;141;137;138;135;135;134;136;135;135;131;134;136;135;133;132;130;129;129;130;129;126;126;127;125;125;124;122;120;120;121;118;119;116;114;113;111;111;108;107;106;105;105;103;99;99;98;96;96;95;94;92;92;94;93;93;93;93;93;89;87;87;84;85;84;85;84;83;82;80;78;79;80;79;78;78;77;76;79;79;78;76;75;74;72;69;67;67;65;65;65;65;64;60;57;55;55;56;55;54;53;52;53;54;54;54;52;51;51;47;46;46;45;44;44;44;43;43;44;44;44;43;41;41;39;36;36;36;35;34;33;33;33;33;33;33;33;32;32;32;30,10,AverageRun9.csv,Average Bears
